id;totalReg;anomalies;notAanomalie;meanValueAll;meanValue;stdValue;mediaValue;totalTime;dateDir;percentAnomaly;imptEngLoad;imptEngRPM;imptGndSpd;imptBaseCutPrs;imptBaseCutHght;imptChopperHydPrs;imptChopperRPM;imptHydrostatChrgPrs;imptAboveEngLoad;imptAboveEngRPM;imptAboveGndSpd;imptAboveBaseCutPrs;imptAboveBaseCutHght;imptAboveChopperHydPrs;imptAboveChopperRPM;imptAboveHydrostatChrgPrs;imptEngLoadPercent;imptEngRPMPercent;imptGndSpdPercent;imptBaseCutPrsPercent;imptBaseCutHghtPercent;imptChopperHydPrsPercent;imptChopperRPMPercent;imptHydrostatChrgPrsPercent;imptAboveEngLoadPercent;imptAboveEngRPMPercent;imptAboveGndSpdPercent;imptAboveBaseCutPrsPercent;imptAboveBaseCutHghtPercent;imptAboveChopperHydPrsPercent;imptAboveChopperRPMPercent;imptAboveHydrostatChrgPrsPercent;anomalyAcumulate;totalAcumulate
1;31552;26;31526;0,032327832938040604;0,09137550828390645;0,009181847029106483;0,086154799236553;20850;2024-05-21;0,1;8351,94;2381,17;11375,47;7513,77;6546,26;10245,60;5717,89;4988,33;8,99;8,74;21,04;13,21;9,82;44,53;17,84;8,86;14,62;4,17;19,91;13,15;11,46;17,94;10,01;8,73;6,76;6,57;15,82;9,93;7,38;33,47;13,41;6,66;26;31552
2;43813;1274;42539;0,04156320882599729;0,10648042127381027;0,041254922941636116;0,09358268422968032;26898;2024-05-22;2,9;11921,68;16933,34;15473,85;12357,77;13217,64;12917,24;10963,72;8191,25;590,24;1862,71;1023,44;679,66;561,76;838,63;1567,58;472,72;11,69;16,61;15,17;12,12;12,96;12,67;10,75;8,03;7,77;24,52;13,47;8,95;7,39;11,04;20,63;6,22;1300;75365
3;11856;0;11856;0,03510565551925436;0;0;0;6234;2024-05-23;0,0;4354,87;884,52;4926,40;2794,53;4042,38;2512,54;1759,60;2033,07;0,00;0,00;0,00;0,00;0,00;0,00;0,00;0,00;18,68;3,79;21,14;11,99;17,34;10,78;7,55;8,72;0,00;0,00;0,00;0,00;0,00;0,00;0,00;0,00;1300;87221
4;2186;1;2185;0,05239833569632974;0,08237895869109428;0;0,08237895869109428;1927;2024-05-31;0,0;816,73;152,81;931,18;506,94;985,63;601,94;1911,76;507,40;0,63;0,10;0,77;0,69;0,47;0,64;1,17;0,13;12,73;2,38;14,52;7,90;15,37;9,38;29,80;7,91;13,69;2,23;16,70;14,95;10,29;13,91;25,41;2,81;1301;89407
5;18165;21;18144;0,04477700984849718;0,12120427336053273;0,037063425537352854;0,11117039434342782;11067;2024-06-05;0,1;5253,71;1314,49;5908,17;3388,62;5511,94;4852,54;14637,89;4681,61;14,88;32,13;12,82;6,51;9,06;12,75;42,53;11,86;11,53;2,89;12,97;7,44;12,10;10,65;32,14;10,28;10,44;22,54;8,99;4,57;6,36;8,95;29,84;8,32;1322;107572
6;23153;12;23141;0,04798269497077728;0,09416278552435003;0,009452062436105782;0,09111737166061121;17878;2024-06-06;0,1;7562,16;1590,74;7837,76;6369,53;9138,29;5946,32;17482,68;6285,35;7,24;9,68;5,55;6,23;5,25;9,96;15,01;4,36;12,16;2,56;12,60;10,24;14,69;9,56;28,10;10,10;11,45;15,29;8,77;9,85;8,30;15,74;23,72;6,88;1334;130725
7;867;6;861;0,050726116760854846;0,08872434178575954;0,004671386110270394;0,0873041110692496;872;2024-06-07;0,7;304,73;63,24;337,08;261,78;387,01;261,52;638,72;208,78;4,40;1,18;5,81;2,69;3,12;4,96;5,84;1,81;12,37;2,57;13,69;10,63;15,71;10,62;25,93;8,48;14,75;3,96;19,50;9,04;10,46;16,63;19,58;6,09;1340;131592
8;55028;175;54853;0,05019501933131429;0,1035819774367992;0,04137582398445328;0,09458691989195647;39937;2024-06-12;0,3;16536,75;4142,95;23498,19;14178,64;21218,02;16552,47;40923,29;17629,07;86,68;45,99;168,02;132,65;88,78;257,76;156,95;78,27;10,69;2,68;15,19;9,17;13,72;10,70;26,46;11,40;8,54;4,53;16,55;13,07;8,75;25,39;15,46;7,71;1515;186620
9;45157;62;45095;0,048655005085064304;0,1210486623704595;0,045169792097899605;0,10656514183270355;31416;2024-06-13;0,1;13465,60;3366,71;19656,49;10642,49;17132,82;11859,47;33210,44;13704,36;38,28;55,80;46,60;27,37;104,23;34,79;70,81;42,41;10,94;2,74;15,98;8,65;13,92;9,64;26,99;11,14;9,11;13,28;11,09;6,51;24,80;8,28;16,85;10,09;1577;231777
10;57987;386;57601;0,05214483617251163;0,12458208254732951;0,039320196810107656;0,11187811404734663;40861;2024-06-14;0,7;18870,27;4543,02;23575,21;15026,81;23754,07;15602,55;48371,98;19584,55;253,14;430,27;325,66;253,20;384,77;244,44;616,18;185,31;11,14;2,68;13,92;8,87;14,03;9,21;28,57;11,57;9,40;15,98;12,09;9,40;14,29;9,08;22,88;6,88;1963;289764
11;56990;788;56202;0,05124753386074099;0,10615273892342779;0,04293543205961978;0,09099673650643375;47324;2024-06-15;1,4;17609,80;4392,42;24630,58;16504,19;19459,75;18537,55;45371,90;17047,23;429,95;256,60;579,08;660,48;454,02;1123,94;879,22;301,02;10,77;2,69;15,06;10,09;11,90;11,33;27,74;10,42;9,18;5,48;12,36;14,10;9,69;23,99;18,77;6,43;2751;346754
12;49945;167;49778;0,04720801720176267;0,12145863089685294;0,03843438660548948;0,10110587389968838;41492;2024-06-16;0,3;14106,44;3772,48;16814,63;13218,06;16548,51;13900,61;38462,11;15214,21;94,08;100,54;131,29;94,06;153,99;235,82;243,46;82,64;10,68;2,86;12,73;10,01;12,53;10,53;29,13;11,52;8,28;8,85;11,56;8,28;13,56;20,76;21,43;7,28;2918;396699
13;58289;256;58033;0,049633850819545966;0,0940831485590749;0,016090968704655536;0,08789081867951393;52107;2024-06-17;0,4;17034,48;4395,37;21745,01;16066,67;17287,17;16295,83;50484,86;18704,62;186,49;119,49;205,46;175,17;128,15;144,38;304,60;85,02;10,51;2,71;13,42;9,92;10,67;10,06;31,16;11,55;13,83;8,86;15,23;12,99;9,50;10,70;22,58;6,30;3174;454988
14;43683;750;42933;0,04927288139171895;0,1204002579753195;0,07281633470576684;0,09523881406782235;36111;2024-06-18;1,7;13165,09;3340,86;16866,11;13460,67;16344,88;12676,71;31862,68;12816,67;448,65;148,13;691,59;737,50;415,62;1380,68;887,59;347,05;10,92;2,77;13,99;11,17;13,56;10,52;26,43;10,63;8,87;2,93;13,68;14,58;8,22;27,30;17,55;6,86;3924;498671
15;57602;331;57271;0,04747236899254995;0,1237524464147641;0,0448472254862372;0,11160382903926382;44591;2024-06-19;0,6;16711,49;4382,65;22429,15;16873,29;16420,57;15602,75;42799,51;17912,79;195,42;287,71;264,06;226,24;304,28;412,34;441,35;162,48;10,91;2,86;14,65;11,02;10,72;10,19;27,95;11,70;8,52;12,54;11,51;9,86;13,26;17,98;19,24;7,08;4255;556273
16;71214;1172;70042;0,05116244668122024;0,1271439768294562;0,06596123983723648;0,10069942948296767;54479;2024-06-20;1,6;21363,43;6147,24;27719,37;27290,38;21259,48;24316,73;52884,40;23053,98;736,48;756,57;971,88;1155,20;794,32;1742,13;1618,45;569,68;10,47;3,01;13,59;13,38;10,42;11,92;25,92;11,30;8,83;9,07;11,65;13,84;9,52;20,88;19,39;6,83;5427;627487
17;77365;642;76723;0,05450586169545796;0,11140410394215099;0,056461582093347416;0,09354077056777077;50613;2024-06-21;0,8;26284,92;6321,88;30339,03;29378,96;27573,92;18584,23;68841,94;28818,50;464,43;604,04;496,60;557,97;369,50;339,29;878,29;295,09;11,13;2,68;12,85;12,44;11,68;7,87;29,15;12,20;11,60;15,08;12,40;13,93;9,23;8,47;21,93;7,37;6069;704852
18;92064;172;91892;0,05373824125270756;0,08809807969058672;0,006496287670142117;0,08541970877098021;59459;2024-06-22;0,2;31565,65;6514,02;37529,89;36071,36;34575,51;20917,16;79869,36;30009,06;110,32;46,84;110,71;162,84;80,70;88,62;189,61;58,93;11,39;2,35;13,55;13,02;12,48;7,55;28,83;10,83;13,00;5,52;13,05;19,19;9,51;10,44;22,34;6,94;6241;796916
19;77939;1029;76910;0,05312845878133803;0,10624455046444675;0,009068266872756189;0,10679255374408517;57334;2024-06-23;1,3;24475,60;6177,97;29487,14;24629,85;26347,79;24023,01;70017,91;26724,35;426,62;343,74;1013,24;621,44;407,62;1952,14;842,32;515,12;10,56;2,66;12,72;10,62;11,36;10,36;30,20;11,52;6,97;5,61;16,55;10,15;6,66;31,89;13,76;8,41;7270;874855
20;87840;396;87444;0,051121646727971676;0,08932498831958777;0,00919772565187711;0,08683245803401346;50199;2024-06-24;0,5;26513,64;6445,47;29475,40;26521,83;34624,13;24173,79;74451,15;29264,01;243,01;130,06;274,63;256,81;211,03;231,60;479,01;154,73;10,54;2,56;11,72;10,55;13,77;9,61;29,61;11,64;12,27;6,57;13,86;12,96;10,65;11,69;24,18;7,81;7666;962695
21;76812;63;76749;0,05198641994492537;0,11959528334943408;0,08212565361309553;0,08741392327124707;59665;2024-06-25;0,1;25170,49;5439,65;29092,70;26868,46;29953,55;19793,14;60825,46;26474,67;41,96;47,70;60,05;37,20;52,18;39,38;101,29;42,17;11,26;2,43;13,01;12,02;13,39;8,85;27,20;11,84;9,95;11,31;14,23;8,82;12,37;9,33;24,01;9,99;7729;1039507
22;73382;227;73155;0,05236942937805239;0,1208404194560749;0,054389955827319765;0,10282215134696526;51679;2024-06-26;0,3;23458,87;5293,18;26030,77;26733,82;29643,14;21385,12;57983,02;24678,60;142,96;96,18;151,65;169,09;170,73;365,35;327,20;112,96;10,90;2,46;12,10;12,42;13,77;9,94;26,94;11,47;9,31;6,26;9,87;11,01;11,11;23,78;21,30;7,35;7956;1112889
23;75910;617;75293;0,05034153421013015;0,10098772926562705;0,02489752700175992;0,09035502735650548;46320;2024-06-27;0,8;22536,13;5685,74;28028,57;30520,81;26733,75;21617,47;56626,15;22251,24;368,95;263,96;406,50;819,12;365,66;458,30;605,90;200,92;10,53;2,66;13,10;14,26;12,49;10,10;26,46;10,40;10,57;7,56;11,65;23,48;10,48;13,13;17,36;5,76;8573;1188799
24;85982;846;85136;0,05104333283860255;0,12417973970751797;0,042218561834029826;0,11790645826196244;61058;2024-06-28;1,0;25694,60;7101,05;30573,71;36531,83;31662,20;22802,50;64932,48;26474,87;507,89;806,79;624,76;777,90;909,73;594,16;1244,83;417,07;10,45;2,89;12,44;14,86;12,88;9,28;26,42;10,77;8,63;13,71;10,62;13,22;15,46;10,10;21,16;7,09;9419;1274781
25;57466;529;56937;0,05159630880976718;0,118419475521598;0,08044611583148796;0,08867720808664041;42544;2024-06-29;0,9;16209,93;4558,98;22015,03;26078,22;18220,76;15840,04;45815,80;17303,11;298,55;193,60;402,19;606,82;285,51;744,22;755,64;221,53;9,76;2,75;13,26;15,71;10,97;9,54;27,59;10,42;8,51;5,52;11,46;17,30;8,14;21,21;21,54;6,31;9948;1332247
26;62526;129;62397;0,047460097412461315;0,09845422225050533;0,012071248099075702;0,09477878690327848;33883;2024-06-30;0,2;17463,28;4708,29;21208,20;22361,77;17685,71;13785,82;48613,87;20352,50;63,23;130,59;65,99;127,06;72,35;51,97;154,04;46,01;10,51;2,83;12,76;13,46;10,64;8,30;29,25;12,25;8,89;18,36;9,28;17,86;10,17;7,31;21,66;6,47;10077;1394773
27;1780;0;1780;0,04510405420011968;0;0;0;2214;2024-07-01;0,0;451,81;116,77;626,47;465,88;565,97;324,88;1327,75;616,44;0,00;0,00;0,00;0,00;0,00;0,00;0,00;0,00;10,05;2,60;13,93;10,36;12,59;7,23;29,53;13,71;0,00;0,00;0,00;0,00;0,00;0,00;0,00;0,00;10077;1396553
28;46874;117;46757;0,04372171430359071;0,12235154612957078;0,058137718179041835;0,10809364830817546;27669;2024-07-02;0,2;12157,51;3444,60;13590,18;15794,88;12878,16;12067,62;31002,64;13831,46;60,88;99,29;75,36;103,60;53,38;183,82;162,15;63,16;10,59;3,00;11,84;13,76;11,22;10,51;27,01;12,05;7,59;12,39;9,40;12,92;6,66;22,93;20,23;7,88;10194;1443427
29;109092;585;108507;0,04358124192925208;0,10973536543760598;0,025773727576262947;0,1045405421168958;60460;2024-07-03;0,5;28325,97;8163,36;31113,90;32025,13;29257,47;26548,27;74794,86;36015,47;311,88;440,78;371,95;619,87;393,05;464,75;735,33;257,32;10,64;3,07;11,69;12,03;10,99;9,97;28,09;13,53;8,68;12,26;10,35;17,24;10,93;12,93;20,45;7,16;10779;1552519
30;99734;682;99052;0,047686533458747266;0,09611451831763587;0,030620022107943227;0,08812738285677268;60512;2024-07-04;0,7;27184,41;7440,83;32167,59;36343,79;30798,33;25065,89;76763,97;30569,44;430,96;219,12;375,11;1020,42;309,34;480,85;641,31;193,70;10,21;2,79;12,08;13,65;11,56;9,41;28,82;11,48;11,74;5,97;10,22;27,80;8,43;13,10;17,47;5,28;11461;1652253
31;89224;1266;87958;0,04923708472481303;0,1008427946677333;0,02972059069090215;0,09353122773625289;58203;2024-07-05;1,4;26162,76;7000,70;32473,85;30860,25;31264,15;24072,61;66983,36;27197,57;908,10;366,24;767,36;1727,61;639,57;1097,41;1233,46;409,60;10,63;2,85;13,20;12,54;12,71;9,79;27,23;11,06;12,70;5,12;10,73;24,16;8,95;15,35;17,25;5,73;12727;1741477
32;108878;6705;102173;0,05767816856221249;0,11457195327563392;0,05409494953788859;0,09488771009712425;64900;2024-07-06;6,2;34395,46;9936,33;53925,56;39582,20;42592,17;52836,72;80341,69;38063,35;3470,49;1823,74;6270,15;6006,02;3783,43;10919,59;7506,33;3239,72;9,78;2,83;15,33;11,26;12,11;15,02;22,85;10,82;8,07;4,24;14,58;13,96;8,79;25,38;17,45;7,53;19432;1850355
33;103003;1849;101154;0,0513502722096162;0,13493743614668735;0,08035485405374335;0,10173476488778285;70184;2024-07-07;1,8;28822,67;8380,36;45112,68;29940,57;31598,88;40439,43;77811,66;34090,75;1073,37;616,78;1712,98;1532,90;1499,97;3867,02;2628,93;1040,00;9,73;2,83;15,23;10,11;10,67;13,65;26,27;11,51;7,68;4,41;12,26;10,97;10,74;27,68;18,82;7,44;21281;1953358
34;22013;355;21658;0,05052561236812061;0,1304814090901851;0,07411681819722962;0,10033454682059159;22516;2024-07-08;1,6;6784,17;1837,50;9641,29;5781,43;7554,09;7394,52;16665,85;6625,47;267,59;148,52;302,87;276,54;236,67;744,12;446,55;171,10;10,89;2,95;15,48;9,28;12,13;11,87;26,76;10,64;10,32;5,73;11,68;10,66;9,12;28,69;17,21;6,60;21636;1975371
35;100633;737;99896;0,04603580516512706;0,11696221310182557;0,06578456650355115;0,0965384560627148;59618;2024-07-14;0,7;25234,84;7954,09;41041,56;27709,55;23707,48;34732,05;69757,67;29295,14;364,01;346,56;715,10;380,09;326,61;1396,70;944,36;353,83;9,73;3,07;15,82;10,68;9,14;13,39;26,89;11,29;7,54;7,18;14,81;7,87;6,77;28,93;19,56;7,33;22373;2076004
36;115275;187;115088;0,04358469856644793;0,10278934893887881;0,020956288861844863;0,0941128492136379;64031;2024-07-15;0,2;28110,11;8368,00;40124,52;31090,26;26219,36;42518,45;71566,53;33359,43;101,92;116,25;140,89;79,49;134,15;191,67;222,78;89,26;9,99;2,97;14,26;11,05;9,32;15,11;25,44;11,86;9,47;10,80;13,09;7,38;12,46;17,81;20,70;8,29;22560;2191279
37;110191;454;109737;0,04164867410629819;0,11974992185552925;0,04827093196781202;0,10387779152016802;62854;2024-07-16;0,4;28074,67;8061,62;36489,84;26636,28;32278,30;32716,37;65577,31;27166,90;224,44;225,62;396,09;247,74;382,16;824,98;517,55;225,94;10,92;3,14;14,20;10,36;12,56;12,73;25,52;10,57;7,37;7,41;13,01;8,14;12,55;27,10;17,00;7,42;23014;2301470
38;19529;22;19507;0,04309644305297639;0,09121413946392566;0,007696327005130961;0,08858539590092586;10910;2024-07-17;0,1;5279,54;1330,27;7403,59;3978,60;7917,17;4356,84;12825,59;4039,69;9,00;19,41;14,66;6,00;8,79;23,41;23,37;7,72;11,20;2,82;15,71;8,44;16,80;9,24;27,21;8,57;8,01;17,28;13,05;5,34;7,82;20,83;20,80;6,87;23036;2320999
39;4461;37;4424;0,04989237717564092;0,13465721790204419;0,039832565314446886;0,12459999884287375;16718;2024-07-18;0,8;1436,07;379,52;1648,24;1057,49;1305,23;1453,06;3817,61;1366,69;19,31;47,18;30,24;19,84;40,25;24,71;72,37;25,11;11,52;3,04;13,22;8,48;10,47;11,66;30,63;10,97;6,92;16,91;10,84;7,11;14,42;8,86;25,94;9,00;23073;2325460
40;63082;277;62805;0,039442455372267385;0,16323049540620832;0,07731051852067952;0,1433994261071125;47647;2024-07-19;0,4;15885,60;5047,30;17778,83;13603,32;14660,72;14026,41;44144,70;14187,23;183,69;493,76;242,56;166,29;370,38;284,06;621,67;169,63;11,40;3,62;12,76;9,76;10,52;10,07;31,68;10,18;7,25;19,50;9,58;6,57;14,63;11,22;24,55;6,70;23350;2388542
41;136076;567;135509;0,043497568637331986;0,13069701687251511;0,0655617438912647;0,1081074985541591;72001;2024-07-21;0,4;37466,54;10474,82;41517,33;36274,01;34461,58;33179,69;102443,72;35644,93;376,53;502,47;462,87;637,52;427,91;629,26;845,54;267,79;11,30;3,16;12,53;10,94;10,40;10,01;30,91;10,75;9,07;12,11;11,15;15,36;10,31;15,16;20,38;6,45;23917;2524618
42;34044;642;33402;0,04372409020521197;0,1107185118453173;0,03919194315857231;0,1003764302889138;23744;2024-07-22;1,9;9638,06;3207,34;10829,83;8103,94;9484,91;8502,10;25343,37;8248,86;413,66;709,73;462,56;341,33;376,03;611,77;797,83;267,66;11,56;3,85;12,99;9,72;11,38;10,20;30,40;9,90;10,39;17,83;11,62;8,57;9,45;15,37;20,04;6,72;24559;2558662
43;105233;823;104410;0,043559523055339;0,12164295685547129;0,07989155988695645;0,09368306257015842;57189;2024-07-23;0,8;27155,08;7973,93;35552,80;27579,00;26241,90;33929,01;71004,50;27262,14;458,07;324,98;679,00;773,34;482,36;1405,37;1096,96;386,21;10,58;3,11;13,85;10,74;10,22;13,22;27,66;10,62;8,17;5,80;12,11;13,79;8,60;25,07;19,57;6,89;25382;2663895
44;103509;292;103217;0,043741403846084895;0,13613284394204123;0,0680573876678472;0,12125819164869552;60118;2024-07-25;0,3;27955,83;7610,96;33722,28;25979,30;35863,24;28715,65;69890,53;23809,41;203,37;337,53;319,72;167,87;267,75;273,15;500,88;155,77;11,03;3,00;13,30;10,25;14,14;11,33;27,57;9,39;9,14;15,16;14,36;7,54;12,03;12,27;22,50;7,00;25674;2767404
45;112115;262;111853;0,04283298351082568;0,09540523776056398;0,022178692544401146;0,09035568905312073;66198;2024-07-26;0,2;30848,39;8092,99;32037,15;26849,51;35620,41;28907,84;79121,22;27446,81;151,57;154,98;167,39;124,27;154,28;218,62;316,00;112,68;11,47;3,01;11,91;9,98;13,25;10,75;29,42;10,21;10,83;11,07;11,96;8,88;11,02;15,62;22,57;8,05;25936;2879519
46;117605;187;117418;0,043253847731210306;0,10568897789310991;0,035372505693821;0,09137180245516925;66217;2024-07-27;0,2;32862,84;8341,75;31666,69;27418,05;43221,78;32477,20;80722,05;28154,29;122,41;110,28;124,51;149,08;81,32;240,28;212,81;66,09;11,54;2,93;11,12;9,62;15,17;11,40;28,34;9,88;11,06;9,96;11,25;13,47;7,35;21,71;19,23;5,97;26123;2997124
47;106617;190;106427;0,04150109528215574;0,09062034611885846;0,008802408827463765;0,08766161713951764;58455;2024-07-28;0,2;28239,72;7238,77;30368,72;24420,21;34058,50;26309,26;73188,07;23961,19;123,18;57,75;143,37;107,75;105,14;111,97;237,48;77,55;11,40;2,92;12,26;9,86;13,75;10,62;29,54;9,67;12,77;5,99;14,87;11,18;10,90;11,61;24,63;8,04;26313;3103741
48;120357;264;120093;0,04266142324069654;0,10176153421373565;0,02207106572434129;0,09161063985771635;69110;2024-07-29;0,2;32878,81;8481,74;34958,23;26962,45;43906,79;28237,25;85576,43;26535,96;160,64;182,44;193,79;186,37;150,43;209,11;329,91;91,75;11,43;2,95;12,16;9,38;15,27;9,82;29,76;9,23;10,68;12,13;12,88;12,39;10,00;13,90;21,93;6,10;26577;3224098
49;126403;322;126081;0,041153052049127184;0,108697161727468;0,032778461584623;0,09671378433704757;71015;2024-07-30;0,3;33614,63;9090,08;40207,19;28722,36;37066,88;29849,71;84999,28;27754,55;188,31;320,52;229,12;180,02;255,91;225,61;414,88;145,66;11,54;3,12;13,80;9,86;12,72;10,25;29,18;9,53;9,61;16,35;11,69;9,18;13,06;11,51;21,17;7,43;26899;3350501
50;97777;326;97451;0,04517232674240362;0,12890435984458531;0,08158440564044654;0,0973330087500035;68584;2024-07-31;0,3;28751,30;7198,02;33261,61;25646,77;36622,45;26054,35;67923,36;21883,76;209,33;265,94;266,71;269,32;183,05;515,76;511,39;131,77;11,62;2,91;13,45;10,37;14,81;10,53;27,46;8,85;8,90;11,30;11,33;11,44;7,78;21,92;21,73;5,60;27225;3448278
51;83330;146;83184;0,04020248408647832;0,11687376475613337;0,057585059318484164;0,09328281585058909;51009;2024-08-01;0,2;22566,96;5811,77;23220,26;18997,51;24100,94;21007,43;53310,61;18588,62;98,96;86,05;71,23;147,92;75,32;221,08;194,66;60,33;12,03;3,10;12,38;10,13;12,85;11,20;28,42;9,91;10,36;9,01;7,45;15,48;7,88;23,14;20,37;6,31;27371;3531608
52;106880;257;106623;0,04470173013754753;0,11477839996616675;0,05890456184579983;0,0907850631111505;61137;2024-08-02;0,2;29735,74;7527,51;32684,12;26526,75;37815,12;28027,41;79217,00;26018,72;161,38;138,29;189,89;150,47;211,91;294,54;382,26;123,16;11,11;2,81;12,22;9,91;14,13;10,48;29,61;9,72;9,77;8,37;11,50;9,11;12,83;17,83;23,14;7,46;27628;3638488
53;71965;47;71918;0,042680237918753985;0,08929897939254376;0,00692765554351216;0,08714419996577913;43621;2024-08-03;0,1;17623,43;5018,29;19500,07;15989,71;23429,56;18883,45;54604,47;16954,08;20,29;35,27;27,66;29,39;24,60;26,97;51,51;19,34;10,25;2,92;11,34;9,30;13,62;10,98;31,75;9,86;8,63;15,01;11,77;12,51;10,47;11,48;21,91;8,23;27675;3710453
54;98845;274;98571;0,04310554383439356;0,1224464055329316;0,07295090956991138;0,09791042913157456;61087;2024-08-04;0,3;24101,68;7064,85;27257,74;23230,15;32052,05;28463,65;73451,39;22981,48;165,32;231,59;217,19;158,90;221,86;340,65;402,20;141,11;10,10;2,96;11,42;9,74;13,43;11,93;30,78;9,63;8,80;12,33;11,56;8,46;11,81;18,13;21,41;7,51;27949;3809298
55;93428;266;93162;0,041729745082879965;0,1270878065814244;0,08477395623992867;0,09672325635282883;55024;2024-08-05;0,3;21682,86;6552,30;25334,09;19717,20;26673,24;27743,36;68810,06;21815,57;167,19;157,23;217,70;177,73;159,08;519,11;381,00;114,05;9,93;3,00;11,60;9,03;12,22;12,71;31,52;9,99;8,83;8,31;11,50;9,39;8,40;27,42;20,13;6,02;28215;3902726
56;69376;234;69142;0,04357812722090084;0,11698477560745005;0,031153355401818607;0,10975613905544362;48193;2024-08-06;0,3;17868,46;5050,56;20097,87;15660,70;24648,11;19262,52;50900,30;15814,95;161,55;191,49;168,79;151,30;256,04;194,55;301,75;107,50;10,55;2,98;11,87;9,25;14,56;11,38;30,06;9,34;10,54;12,49;11,01;9,87;16,70;12,69;19,68;7,01;28449;3972102
57;99492;199;99293;0,04421379490031566;0,12184148729480618;0,07328148631259038;0,09437649549442563;64860;2024-08-07;0,2;25010,14;7330,18;29672,20;22509,73;31118,53;30784,59;76558,21;23355,88;101,18;148,78;163,63;115,80;130,63;330,53;275,02;92,23;10,15;2,98;12,05;9,14;12,63;12,50;31,08;9,48;7,45;10,96;12,05;8,53;9,62;24,34;20,25;6,79;28648;4071594
58;59199;468;58731;0,042202284017171056;0,11763806027798913;0,0576364540001963;0,10020805212446551;38822;2024-08-08;0,8;14388,18;4467,99;16369,39;16679,33;15868,75;19413,25;39865,81;12853,94;272,70;170,90;316,14;387,81;230,45;1016,79;506,10;182,16;10,28;3,19;11,70;11,92;11,34;13,88;28,49;9,19;8,85;5,54;10,25;12,58;7,47;32,98;16,42;5,91;29116;4130793
59;67846;806;67040;0,04822135070126979;0,11934511226811201;0,07794738444427582;0,09242682430699745;46284;2024-08-12;1,2;19072,00;5817,31;29301,76;19580,27;22035,21;31049,57;39560,55;16794,38;470,67;366,51;698,88;567,44;535,18;1391,78;1014,78;341,52;10,41;3,18;15,99;10,69;12,03;16,95;21,59;9,17;8,74;6,80;12,97;10,53;9,94;25,84;18,84;6,34;29922;4198639
60;79174;496;78678;0,04226813928550678;0,10312298770762365;0,03672001763275263;0,09072515266197077;53470;2024-08-13;0,6;21365,91;5973,66;28530,23;20673,58;20599,63;31941,68;40168,49;18152,93;280,39;173,88;455,48;259,28;274,60;740,70;472,69;207,32;11,40;3,19;15,22;11,03;10,99;17,04;21,43;9,69;9,79;6,07;15,90;9,05;9,59;25,86;16,50;7,24;30418;4277813
61;77445;783;76662;0,04518404144663797;0,10946667251027835;0,04745418526501038;0,09435553776280685;50572;2024-08-14;1,0;22083,02;6144,01;27388,41;22894,84;25522,72;30572,13;42243,01;19111,44;453,28;284,43;638,25;617,80;515,89;1096,91;859,71;333,61;11,27;3,14;13,98;11,68;13,02;15,60;21,56;9,75;9,44;5,93;13,30;12,87;10,75;22,85;17,91;6,95;31201;4355258
62;48308;1852;46456;0,046838822790246495;0,14384420428799716;0,060930446734246184;0,12117773872510865;51759;2024-08-15;3,8;14213,54;3997,48;15880,22;14660,77;11593,37;19175,02;33109,16;14081,06;972,29;419,40;1527,65;1006,55;1130,78;1720,42;6349,44;1791,84;11,22;3,15;12,53;11,57;9,15;15,13;26,13;11,11;6,52;2,81;10,24;6,75;7,58;11,53;42,56;12,01;33053;4403566
63;1606;743;863;0,112960882034234;0,16681433892038364;0,08125132365051448;0,1405625236712366;3480;2024-08-16;46,3;619,37;322,52;794,61;792,47;470,49;825,82;3688,84;2645,13;432,39;243,62;507,89;542,91;278,13;554,19;2419,19;1962,48;6,10;3,17;7,82;7,80;4,63;8,13;36,31;26,04;6,23;3,51;7,32;7,82;4,01;7,98;34,85;28,27;33796;4405172
64;2105;3;2102;0,05361263474463578;0,08489550718855983;0,002746628372629845;0,08449009846151366;7927;2024-08-28;0,1;543,73;157,52;918,91;461,55;494,82;689,85;2036,75;1016,72;2,04;0,20;2,74;1,49;1,29;1,60;3,34;1,57;8,60;2,49;14,54;7,30;7,83;10,92;32,23;16,09;14,27;1,42;19,19;10,44;9,06;11,19;23,42;11,02;33799;4407277
65;16022;93;15929;0,04543785312756476;0,23647308175399448;0,15304271110311768;0,15882374912934435;15344;2024-08-29;0,6;3729,40;1291,88;5299,12;3625,58;3060,11;5456,72;13391,85;4913,63;71,92;92,20;121,35;84,00;70,98;353,21;365,25;72,66;9,15;3,17;13,00;8,89;7,51;13,38;32,85;12,05;5,84;7,49;9,85;6,82;5,76;28,68;29,66;5,90;33892;4423299
66;30;30;0;0,10015862617387807;0,10015862617387807;0,007507172764292284;0,0986746599807364;1192;2024-09-03;100,0;17,03;13,63;29,91;8,83;25,51;24,90;28,15;20,31;17,03;13,63;29,91;8,83;25,51;24,90;28,15;20,31;10,12;8,10;17,77;5,25;15,16;14,80;16,73;12,07;10,12;8,10;17,77;5,25;15,16;14,80;16,73;12,07;33922;4423329
67;11052;1331;9721;0,05808204545340257;0,12339488829915916;0,04050490671712646;0,11344383590194397;21428;2024-09-04;12,0;3514,50;1754,54;5885,53;3402,46;2624,26;4058,80;10311,11;4396,47;976,50;956,67;1939,58;848,08;620,22;1278,55;1844,67;733,10;9,78;4,88;16,37;9,47;7,30;11,29;28,68;12,23;10,62;10,40;21,09;9,22;6,74;13,90;20,06;7,97;35253;4434381
68;19842;874;18968;0,04735472447848074;0,12191261972323864;0,05945696098783222;0,10911029100915792;26171;2024-09-05;4,4;5741,65;2103,39;8645,28;5429,87;4380,95;5966,50;14746,23;5604,44;837,99;378,67;1409,81;583,08;402,26;964,44;973,11;417,53;10,91;4,00;16,43;10,32;8,33;11,34;28,02;10,65;14,04;6,35;23,63;9,77;6,74;16,16;16,31;7,00;36127;4454223
69;58447;1207;57240;0,0415122010490233;0,12801690622226006;0,07405767108546026;0,09915152782911098;37630;2024-09-06;2,1;13629,44;5277,63;20117,63;14958,52;11713,44;23186,46;33815,64;13172,01;654,56;820,13;915,08;789,70;805,83;2402,69;1704,33;560,60;10,03;3,88;14,81;11,01;8,62;17,07;24,89;9,69;7,56;9,48;10,58;9,13;9,31;27,77;19,70;6,48;37334;4512670
70;99848;1450;98398;0,04324987294330712;0,13480492110868428;0,07335274074123922;0,10257487157725828;66432;2024-09-07;1,5;25334,62;8473,71;36333,74;25217,86;22276,86;39216,35;62441,02;22536,98;789,70;666,56;1339,61;1098,19;1210,40;3236,63;1940,36;664,70;10,48;3,50;15,02;10,43;9,21;16,22;25,82;9,32;7,21;6,09;12,24;10,03;11,06;29,57;17,73;6,07;38784;4612518
71;107686;1376;106310;0,043142691583960426;0,1264553595893533;0,0653870353322345;0,10348180396901013;65644;2024-09-08;1,3;26858,00;8532,24;35418,26;29951,21;29729,49;37910,09;68414,72;23354,38;771,36;734,08;1137,73;860,24;1431,32;2347,29;1830,49;631,64;10,32;3,28;13,61;11,51;11,43;14,57;26,30;8,98;7,92;7,53;11,68;8,83;14,69;24,09;18,79;6,48;40160;4720204
72;80471;1356;79115;0,04649700505426874;0,12929406267356292;0,07938403787007357;0,09842567460826543;62486;2024-09-09;1,7;20561,32;6395,98;33087,19;18676,87;25042,51;28105,62;57514,08;20149,42;777,83;547,35;1233,18;848,97;1137,98;2577,57;1983,10;712,10;9,81;3,05;15,79;8,91;11,95;13,41;27,45;9,62;7,92;5,57;12,56;8,65;11,59;26,25;20,20;7,25;41516;4800675
73;96041;400;95641;0,04781259616000089;0,09344398381658987;0,013498083347715803;0,08851014787738903;52513;2024-09-10;0,4;26421,81;7220,47;44057,49;21455,58;30935,54;29188,22;72984,05;24887,14;225,81;92,89;343,03;227,92;197,24;486,93;360,13;159,20;10,27;2,81;17,13;8,34;12,03;11,35;28,38;9,68;10,79;4,44;16,39;10,89;9,42;23,26;17,21;7,61;41916;4896716
74;121819;569;121250;0,048211859646260735;0,10775229459947831;0,04018820804205033;0,09691751827207666;66075;2024-09-11;0,5;33692,50;9533,14;58026,16;26854,08;48586,11;33984,15;91015,31;27203,30;335,96;232,26;500,89;394,03;351,41;801,68;593,29;223,90;10,24;2,90;17,64;8,16;14,77;10,33;27,67;8,27;9,78;6,76;14,59;11,48;10,24;23,35;17,28;6,52;42485;5018535
75;89679;321;89358;0,04799266866636224;0,1053850506001446;0,046048479692287723;0,08856272557957144;53567;2024-09-12;0,4;22942,39;6998,67;38666,16;21279,16;32054,02;24238,46;70336,61;24504,86;160,95;144,69;240,31;214,23;180,52;428,04;380,22;145,44;9,52;2,90;16,04;8,83;13,30;10,06;29,18;10,17;8,50;7,64;12,69;11,31;9,53;22,59;20,07;7,68;42806;5108214
76;94784;214;94570;0,04369918296105495;0,14267550291171918;0,06508399876580073;0,12277559155415878;50281;2024-09-13;0,2;22217,40;7073,36;34667,84;21317,05;21807,07;26999,59;74474,03;23394,73;128,53;98,67;175,67;152,38;249,56;499,00;281,45;124,56;9,58;3,05;14,95;9,19;9,40;11,64;32,11;10,09;7,52;5,77;10,27;8,91;14,60;29,18;16,46;7,28;43020;5202998
77;90389;442;89947;0,04355901896370939;0,12936867418764117;0,07947098204770227;0,09150301385212456;64146;2024-09-14;0,5;21164,20;6777,64;29609,00;22132,17;32581,37;22474,89;65264,67;20482,42;265,87;344,78;369,37;367,82;301,66;571,83;735,08;245,73;9,60;3,07;13,43;10,04;14,78;10,19;29,60;9,29;8,30;10,77;11,54;11,49;9,42;17,86;22,96;7,67;43462;5293387
78;57451;167;57284;0,04356788908986129;0,1292279007764528;0,07317556495571308;0,09956511522996005;37319;2024-09-15;0,3;13028,11;4074,27;17623,16;12932,14;18271,84;14726,25;44352,63;15160,65;78,30;78,83;125,23;90,77;96,92;413,51;242,55;82,44;9,29;2,91;12,57;9,23;13,04;10,51;31,64;10,82;6,48;6,52;10,36;7,51;8,02;34,22;20,07;6,82;43629;5350838
79;80332;585;79747;0,043617200026704654;0,1296989419106997;0,06057347974802983;0,10104398192243011;49335;2024-09-17;0,7;17664,29;6028,49;30790,70;18571,41;20716,19;23097,25;56989,03;22358,63;341,55;294,31;590,81;467,93;637,69;911,76;713,39;291,49;9,00;3,07;15,69;9,46;10,56;11,77;29,04;11,39;8,04;6,93;13,90;11,01;15,01;21,46;16,79;6,86;44214;5431170
80;89528;394;89134;0,04014443719862895;0,10882026270985048;0,050387116539326954;0,09331421611135467;53918;2024-09-18;0,4;20040,21;6558,89;29743,20;21449,33;20313,72;21591,11;60749,23;20821,17;216,52;179,07;317,18;296,15;167,17;591,90;442,62;190,41;9,96;3,26;14,78;10,66;10,09;10,73;30,18;10,35;9,02;7,46;13,21;12,33;6,96;24,65;18,43;7,93;44608;5520698
81;108441;385;108056;0,03943810393732045;0,12396523415716149;0,06056018467265835;0,10361580405594914;69587;2024-09-19;0,4;21907,52;8197,99;32890,15;25061,48;18097,79;30071,35;77665,91;25603,44;212,13;239,72;327,28;286,35;262,10;644,10;491,67;209,34;9,15;3,42;13,73;10,46;7,56;12,56;32,43;10,69;7,94;8,97;12,25;10,71;9,81;24,10;18,40;7,83;44993;5629139
82;84449;2034;82415;0,049188652599934914;0,11627407980474541;0,04921662284693225;0,10309105491987577;58191;2024-09-22;2,4;21027,31;7495,67;34599,41;23706,83;28404,89;28757,00;67443,79;21185,31;1081,95;1154,37;2036,77;1276,64;1418,17;2740,17;2625,78;910,23;9,04;3,22;14,87;10,19;12,21;12,36;28,99;9,11;8,17;8,72;15,38;9,64;10,71;20,69;19,83;6,87;47027;5713588
83;73228;366;72862;0,04400275590447984;0,12004242529708253;0,04713487431068798;0,10602304503057998;49538;2024-09-23;0,5;15483,31;5565,88;22912,52;20073,03;20173,25;22436,27;54454,07;19346,76;228,16;227,14;329,71;299,87;279,06;378,29;504,48;213,69;8,58;3,08;12,70;11,12;11,18;12,43;30,18;10,72;9,27;9,23;13,40;12,19;11,34;15,38;20,50;8,69;47393;5786816
84;17945;6;17939;0,04249051376468647;0,09291488157137591;0,009012136473190305;0,09132378233354223;14603;2024-09-24;0,0;3508,52;1265,93;4644,58;4320,77;3967,57;5926,81;14163,96;4901,41;2,83;4,63;3,51;3,85;2,38;3,36;7,48;3,19;8,22;2,96;10,88;10,12;9,29;13,88;33,17;11,48;9,08;14,83;11,23;12,32;7,61;10,75;23,95;10,23;47399;5804761
85;50581;707;49874;0,04711592310627886;0,14473571008226221;0,07768154970481124;0,11365469904299401;39412;2024-09-25;1,4;11341,15;4504,28;21454,40;15748,82;15471,72;14398,32;37157,72;13381,15;416,28;601,88;682,36;752,43;726,83;805,51;1262,19;482,88;8,50;3,38;16,08;11,80;11,59;10,79;27,84;10,03;7,26;10,50;11,91;13,13;12,68;14,06;22,03;8,43;48106;5855342
86;934;48;886;0,05616134260167271;0,11494700767842614;0,028394310339289488;0,11026193276151473;1082;2024-09-26;5,1;261,55;88,14;553,72;337,09;348,08;299,31;751,06;298,50;24,79;13,91;38,52;90,56;21,42;33,84;51,66;34,26;8,90;3,00;18,85;11,48;11,85;10,19;25,57;10,16;8,02;4,50;12,47;29,31;6,93;10,95;16,72;11,09;48154;5856276
87;74196;501;73695;0,04843319691876067;0,13392443445254332;0,062134545442402385;0,11487667648467546;56042;2024-09-27;0,7;18112,03;5869,12;18124,14;18754,08;25123,11;28266,05;62977,52;24012,72;312,01;482,46;413,84;298,39;388,04;732,43;821,08;309,14;9,00;2,92;9,01;9,32;12,48;14,05;31,29;11,93;8,30;12,84;11,01;7,94;10,33;19,49;21,85;8,23;48655;5930472
88;105407;366;105041;0,048432390064895386;0,10300824042700686;0,03860776049987315;0,0906205757127006;62945;2024-09-28;0,3;30748,76;7957,81;23403,87;29073,32;40915,48;34149,02;86873,45;32764,62;211,86;201,81;218,44;300,69;244,86;305,74;471,48;156,38;10,76;2,78;8,19;10,17;14,31;11,94;30,39;11,46;10,03;9,56;10,35;14,24;11,60;14,48;22,33;7,41;49021;6035879
89;94958;811;94147;0,048546916196358286;0,15383513418329905;0,11161439419632192;0,09587060479075253;74643;2024-09-29;0,9;25978,87;7127,29;26780,97;29570,07;33202,92;31888,55;77407,42;26199,32;555,37;265,43;730,16;849,04;622,79;2069,67;1530,07;364,03;10,06;2,76;10,37;11,45;12,86;12,35;29,98;10,15;7,95;3,80;10,45;12,15;8,91;29,62;21,90;5,21;49832;6130837
90;110653;533;110120;0,04299066016364373;0,13169022160125424;0,08070029804692234;0,09712355895275615;71102;2024-09-30;0,5;22885,43;9151,76;33874,76;29781,17;20447,27;36086,08;86119,02;28049,06;268,12;297,32;410,44;322,41;377,47;1280,33;721,80;252,80;8,59;3,44;12,72;11,18;7,68;13,55;32,33;10,53;6,82;7,56;10,44;8,20;9,60;32,57;18,36;6,43;50365;6241490
91;118302;440;117862;0,042026738061058465;0,14537997992110355;0,0831226069967465;0,10917804546823995;68587;2024-10-01;0,4;24442,40;9498,92;33991,09;32775,35;23215,92;40352,62;84683,75;29463,40;259,14;304,68;360,04;377,20;501,12;883,44;682,33;214,22;8,78;3,41;12,21;11,77;8,34;14,49;30,42;10,58;7,23;8,51;10,05;10,53;13,99;24,66;19,05;5,98;50805;6359792
92;75832;427;75405;0,04514620654190547;0,15458492995875822;0,11310832132696073;0,09056558883882133;54928;2024-10-02;0,6;16608,86;6304,49;22074,22;22859,78;16929,32;26612,75;60741,36;19586,73;268,50;294,31;405,18;364,68;323,84;898,54;918,96;222,42;8,66;3,29;11,51;11,92;8,83;13,88;31,68;10,22;7,26;7,96;10,96;9,87;8,76;24,31;24,86;6,02;51232;6435624
93;98883;453;98430;0,044380540591878154;0,11310995134329206;0,05626639984383441;0,09214343159108214;64894;2024-10-03;0,5;21338,80;8188,01;27547,91;25251,80;19730,57;34421,04;81347,48;27929,32;281,70;241,04;312,92;345,27;319,98;500,43;663,50;204,55;8,68;3,33;11,21;10,28;8,03;14,01;33,10;11,36;9,82;8,40;10,91;12,03;11,15;17,44;23,12;7,13;51685;6534507
94;87515;213;87302;0,04249427295261265;0,09981430088599816;0,015144521296421173;0,09500355974458609;57582;2024-10-04;0,2;18810,07;6631,44;19255,93;22770,59;20558,20;28985,40;66389,32;24856,67;107,81;158,19;140,49;102,52;192,01;133,86;236,98;118,73;9,03;3,18;9,25;10,93;9,87;13,92;31,88;11,94;9,06;13,29;11,80;8,61;16,13;11,24;19,90;9,97;51898;6622022
95;91783;174;91609;0,038711327873222755;0,09216004224009952;0,007814743593622636;0,09039253461171115;49633;2024-10-05;0,2;17039,28;6980,21;19551,58;23677,62;10371,33;26134,72;70125,34;25090,26;80,98;237,84;93,96;59,52;81,20;64,40;196,65;83,47;8,56;3,51;9,83;11,90;5,21;13,13;35,24;12,61;9,02;26,49;10,46;6,63;9,04;7,17;21,90;9,29;52072;6713805
96;75372;84;75288;0,038480144601194324;0,1530437028006127;0,09238333330221003;0,10309718564728554;41150;2024-10-06;0,1;13439,64;5894,60;15484,85;18179,32;9978,03;20417,65;58383,52;20640,63;58,91;39,60;74,66;46,90;54,20;235,39;171,91;38,34;8,27;3,63;9,53;11,19;6,14;12,57;35,95;12,71;8,18;5,50;10,37;6,51;7,53;32,70;23,88;5,33;52156;6789177
97;39017;5;39012;0,03939421055439355;0,1014506805071351;0,02001228983581288;0,0992670548557925;21573;2024-10-07;0,0;7349,48;2749,81;8744,44;9647,80;10575,51;8425,97;28893,38;9688,06;1,12;5,49;4,73;0,99;2,77;3,16;6,97;3,17;8,54;3,19;10,16;11,21;12,29;9,79;33,57;11,26;3,96;19,34;16,66;3,47;9,76;11,12;24,54;11,15;52161;6828194
98;5639;4;5635;0,024184285024567514;0,09378015448477639;0,01434269292080195;0,08912646645358345;7095;2024-10-09;0,1;1041,71;403,84;1198,75;831,16;1465,22;874,72;762,04;1059,57;0,94;1,86;1,68;1,08;3,56;1,44;9,32;1,12;13,64;5,29;15,70;10,88;19,19;11,45;9,98;13,87;4,47;8,85;8,02;5,14;16,96;6,84;44,36;5,35;52165;6833833
99;9145;137;9008;0,027574894577417373;0,10447828843715734;0,024747829649194558;0,09643906474321577;8480;2024-10-10;1,5;1892,02;801,57;2201,70;1857,88;2240,89;2051,11;1529,81;1546,69;72,94;129,28;87,45;87,42;85,08;185,10;98,86;55,43;13,40;5,68;15,59;13,16;15,87;14,52;10,83;10,95;9,10;16,13;10,91;10,91;10,61;23,09;12,33;6,92;52302;6842978
100;101249;14;101235;0,018786629386486547;0,1140831469450619;0,0449548591987785;0,09315956970564498;55321;2024-10-13;0,0;17515,93;7298,61;17435,73;14366,83;9309,43;14225,51;10884,92;15482,17;8,16;8,85;7,45;10,75;7,99;20,49;18,66;7,09;16,44;6,85;16,37;13,49;8,74;13,35;10,22;14,53;9,13;9,89;8,33;12,02;8,93;22,91;20,87;7,92;52316;6944227
101;124945;139;124806;0,02022931167849666;0,11710787985535843;0,02529015286075868;0,11725042479010016;67441;2024-10-14;0,1;21709,84;9556,84;23070,12;20128,25;13195,87;18658,18;14798,33;20425,44;94,50;210,47;102,42;119,10;63,59;86,63;148,44;86,41;15,34;6,75;16,30;14,22;9,32;13,18;10,46;14,43;10,37;23,09;11,24;13,07;6,98;9,50;16,28;9,48;52455;7069172
102;93869;70;93799;0,02195106019690483;0,11094515168947328;0,038489923992885686;0,09730030323301145;57048;2024-10-15;0,1;16647,53;7139,81;17320,79;17846,87;13089,66;15306,60;12139,90;15898,19;39,58;89,22;63,22;38,92;44,12;57,40;70,66;31,79;14,43;6,19;15,01;15,47;11,34;13,27;10,52;13,78;9,10;20,51;14,54;8,95;10,14;13,20;16,25;7,31;52525;7163041
103;89071;505;88566;0,02637099033937666;0,1420664419408119;0,07226126107797849;0,1207989255239654;55818;2024-10-16;0,6;17618,28;7362,27;22155,87;21768,66;15879,24;16418,26;13512,14;16823,15;347,32;612,09;497,27;440,39;561,66;540,03;682,10;336,77;13,39;5,60;16,84;16,55;12,07;12,48;10,27;12,79;8,64;15,23;12,38;10,96;13,98;13,44;16,98;8,38;53030;7252112
104;102489;497;101992;0,023538327365689112;0,14848267919666383;0,09356409919518896;0,10924904583589615;69188;2024-10-18;0,5;18978,43;7720,92;21918,33;19945,65;14799,55;20860,21;14515,37;16357,03;297,40;264,02;474,92;339,50;627,24;1249,14;627,89;252,46;14,05;5,72;16,22;14,76;10,95;15,44;10,74;12,11;7,20;6,39;11,49;8,22;15,18;30,23;15,19;6,11;53527;7354601
105;2669;19;2650;0,026722314871976946;0,16780042071690685;0,036509142654435646;0,17242957156701033;2632;2024-10-19;0,7;528,67;232,63;669,20;560,14;352,40;739,03;459,09;452,86;13,08;25,34;21,70;9,17;37,89;29,38;29,41;12,57;13,24;5,82;16,75;14,02;8,82;18,50;11,49;11,34;7,33;14,20;12,16;5,14;21,22;16,46;16,47;7,04;53546;7357270
106;31340;19;31321;0,02564534911182583;0,1324700046734288;0,08588843568558117;0,08567329477197759;19918;2024-10-22;0,1;6362,71;2265,77;6846,46;7197,05;3950,59;6901,75;5144,44;6339,85;12,20;9,37;10,03;16,35;12,73;51,00;18,94;10,33;14,14;5,03;15,21;15,99;8,78;15,33;11,43;14,09;8,65;6,65;7,12;11,60;9,03;36,18;13,44;7,33;53565;7388610
107;40046;11;40035;0,026685571863276445;0,09945514221183113;0,02243278160804042;0,09150594167178572;23661;2024-10-24;0,0;8278,23;2912,60;8110,00;11238,36;4027,53;8757,18;6874,52;9646,00;4,27;4,13;5,92;7,93;1,75;18,70;13,92;4,63;13,83;4,87;13,55;18,78;6,73;14,63;11,49;16,12;6,98;6,74;9,67;12,95;2,86;30,52;22,72;7,56;53576;7428656
108;96035;1202;94833;0,03128026594133079;0,12488635548142026;0,0634770680968361;0,10197268194296351;68352;2024-10-27;1,3;20774,23;8496,58;24650,49;27975,33;18467,64;31450,18;18716,30;17693,27;789,53;691,81;1001,55;988,31;855,75;2347,67;1214,93;516,80;12,35;5,05;14,65;16,63;10,98;18,70;11,13;10,52;9,39;8,23;11,91;11,76;10,18;27,93;14,45;6,15;54778;7524691
109;75064;491;74573;0,029991023675276802;0,12479568101845341;0,05465621047601952;0,10554373923253883;44071;2024-10-28;0,7;14639,39;6230,24;19766,59;22563,78;8496,01;26836,99;15124,03;12412,76;274,81;493,50;341,46;384,56;332,03;814,90;546,85;243,27;11,61;4,94;15,68;17,90;6,74;21,29;12,00;9,85;8,01;14,38;9,95;11,21;9,68;23,75;15,94;7,09;55269;7599755
110;116884;1034;115850;0,032141578887338866;0,12013576868394744;0,06455014239105994;0,09679053611584904;71006;2024-10-29;0,9;24840,60;9382,78;35246,59;36121,93;14522,31;43652,48;25572,29;21043,85;678,59;628,97;855,38;828,37;562,86;2015,52;1002,14;384,51;11,81;4,46;16,75;17,17;6,90;20,75;12,16;10,00;9,76;9,04;12,30;11,91;8,09;28,97;14,41;5,53;56303;7716639
111;98018;224;97794;0,034696123111224636;0,1425499568124203;0,0885318576978722;0,1027962683529152;56354;2024-10-30;0,2;21234,67;7755,54;26618,39;34736,87;12097,67;46029,96;23796,41;18177,78;148,86;105,25;172,87;158,09;161,11;634,20;303,08;104,69;11,15;4,07;13,98;18,24;6,35;24,17;12,50;9,54;8,32;5,89;9,67;8,84;9,01;35,47;16,95;5,85;56527;7814657
112;105518;2429;103089;0,036848983926231926;0,12024201818633391;0,0594236648651494;0,100650062020355;70282;2024-10-31;2,3;24703,21;8809,73;39401,15;35634,70;14230,92;48883,98;25767,92;20309,34;1223,33;589,61;2728,43;2174,66;1478,89;5418,98;1888,85;853,05;11,35;4,05;18,10;16,37;6,54;22,45;11,83;9,33;7,48;3,60;16,68;13,30;9,04;33,13;11,55;5,22;58956;7920175
113;86082;1038;85044;0,03425918842379067;0,13689942248580136;0,07917440086941281;0,10249936929192463;59300;2024-11-01;1,2;19599,69;6995,66;27542,22;28360,56;10312,74;36355,94;20115,97;15866,78;628,12;362,05;898,70;989,72;627,67;2815,72;1213,65;422,06;11,87;4,24;16,68;17,17;6,24;22,01;12,18;9,61;7,89;4,55;11,29;12,44;7,89;35,38;15,25;5,30;59994;8006257
114;31101;797;30304;0,03833406290799131;0,141346581785604;0,07959061997001496;0,11050391023827315;22309;2024-11-02;2,6;7716,37;2698,49;11662,64;9427,56;4567,52;16462,74;7836,86;6392,58;598,75;324,43;779,93;609,92;651,10;2015,53;929,01;399,92;11,56;4,04;17,47;14,12;6,84;24,66;11,74;9,57;9,49;5,14;12,36;9,67;10,32;31,95;14,73;6,34;60791;8037358
115;61672;32567;29105;0,13197290026623806;0,21525755333119723;0,03625797894150254;0,21315145425775636;42074;2024-11-11;52,8;29729,48;8952,99;46748,84;35605,27;13052,69;52018,75;240946,17;28731,64;23080,40;6546,23;32001,90;27024,69;8790,66;40366,57;233236,84;21529,09;6,52;1,96;10,26;7,81;2,86;11,41;52,86;6,30;5,88;1,67;8,15;6,88;2,24;10,28;59,41;5,48;93358;8099030
116;75139;242;74897;0,03361113559188314;0,13905031446110466;0,0799617755205078;0,11028227747743549;49448;2024-11-13;0,3;15883,04;5781,44;20002,32;27067,48;9095,37;29637,25;20322,83;13638,68;159,40;98,89;216,16;170,09;174,91;707,43;258,35;99,18;11,23;4,09;14,14;19,14;6,43;20,96;14,37;9,64;8,46;5,25;11,47;9,03;9,28;37,54;13,71;5,26;93600;8174169
117;71912;421;71491;0,0376493946251555;0,12541942064075798;0,0738132458694301;0,0985478551347828;47525;2024-11-14;0,6;16033,99;5964,57;22208,17;19373,38;20634,90;20069,25;29869,77;17462,79;245,13;131,45;307,56;285,26;271,95;852,90;688,87;173,76;10,58;3,93;14,65;12,78;13,61;13,24;19,70;11,52;8,29;4,45;10,40;9,65;9,20;28,84;23,30;5,88;94021;8246081
118;53697;5923;47774;0,06478630781332276;0,10639124557024696;0,031185578345786294;0,09699014703068543;31096;2024-11-15;11,0;12306,61;5943,52;19409,73;16957,41;16116,51;19670,13;78546,35;25864,24;1965,77;1163,98;2754,86;2918,20;2713,98;2693,33;13175,07;7903,51;6,32;3,05;9,96;8,70;8,27;10,10;40,32;13,28;5,57;3,30;7,81;8,27;7,69;7,63;37,34;22,40;99944;8299778
119;215;215;0;0,19324759321650545;0,19324759321650545;0,014685497268638426;0,1912373506012254;1291;2024-11-16;100,0;147,26;154,47;190,84;126,36;635,85;211,69;601,77;258,46;147,26;154,47;190,84;126,36;635,85;211,69;601,77;258,46;6,33;6,64;8,20;5,43;27,33;9,10;25,86;11,11;6,33;6,64;8,20;5,43;27,33;9,10;25,86;11,11;100159;8299993
120;49724;21247;28477;0,0846193191915595;0,11045289173364269;0,03846369186943783;0,10028950080344393;34929;2024-11-17;42,7;13229,37;7376,19;24212,12;18150,11;11260,36;21365,06;92263,44;47769,57;7200,18;4185,13;12235,08;9358,80;6568,99;10029,13;48062,59;33780,49;5,61;3,13;10,28;7,70;4,78;9,07;39,16;20,27;5,48;3,18;9,31;7,12;5,00;7,63;36,57;25,70;121406;8349717
121;22066;19296;2770;0,10800318442968523;0,11307909855343384;0,035746864267463305;0,10664229462552852;16867;2024-11-18;87,4;7295,53;4908,19;15798,00;9765,51;5328,09;10834,78;46357,36;33171,65;6691,19;4531,27;14325,87;8749,24;4845,27;9602,98;41913,11;31531,62;5,47;3,68;11,84;7,32;3,99;8,12;34,74;24,86;5,48;3,71;11,72;7,16;3,97;7,86;34,30;25,81;140702;8371783
122;1089;1037;52;0,1963792922513077;0,20268800857171668;0,08732195448977953;0,21106765698431457;8169;2024-11-22;95,2;724,45;595,52;966,41;873,18;1200,05;1100,11;5517,83;998,45;713,62;591,55;949,05;855,93;1188,07;1065,48;5424,15;982,64;6,05;4,97;8,07;7,29;10,02;9,19;46,07;8,34;6,06;5,03;8,06;7,27;10,09;9,05;46,08;8,35;141739;8372872
123;1172;1126;46;0,2348600275830255;0,24162341710088306;0,08444551363775908;0,21929317246260546;13260;2024-11-23;96,1;839,97;421,36;1093,49;1145,85;502,41;1079,21;8782,26;1549,79;828,40;417,49;1068,80;1133,15;488,84;1063,76;8695,88;1539,48;5,45;2,73;7,09;7,43;3,26;7,00;56,97;10,05;5,44;2,74;7,02;7,44;3,21;6,98;57,08;10,10;142865;8374044
124;28;28;0;0,22858325606183807;0,22858325606183807;0,009539085422500712;0,23000362631678162;3462;2024-11-24;100,0;24,55;5,16;19,51;31,77;6,69;30,15;211,63;28,96;24,55;5,16;19,51;31,77;6,69;30,15;211,63;28,96;6,85;1,44;5,44;8,87;1,87;8,41;59,04;8,08;6,85;1,44;5,44;8,87;1,87;8,41;59,04;8,08;142893;8374072
